sample_id	size_factor
t0_rep1	0.929024744072163
t0_rep2	0.892856191031762
t0_rep3	0.996282499452503
t1_rep1	0.906877286798131
t1_rep2	1.13987118415917
t1_rep3	1.04603154862217
t2_rep1	1.20534162506701
t2_rep2	0.881930747765301
t2_rep3	1.17541991581866
t4_rep1	0.998382680295038
t4_rep2	0.905123333345301
t4_rep3	0.991099225491427
